k,ARI,NMI
2,0.0011804877796215,0.00486166428509293
3,0.00270461305196563,0.00200873469104645
4,0.0033942595539311,0.0109660955399267
